"%IncMSE","IncNodePurity"
0.000205403271204949,3.87127207431484
0.00010058336625973,3.32124378057515
0.000114363564386213,3.05202602969664
0.000775973854901691,11.5942818729461
0.00476869822501284,51.7579502742578
0.00201713337198457,41.8169486889028
0.0009666832392393,10.6587587001302
0.00119095393854826,25.7636622082204
0.000468123312971989,8.2884381513418
0.000242494225227044,3.41048987399077
0.00109991745471023,16.336603973895
0.00182398587254451,30.2615372853247
0.000594431695622873,10.3237332990844
6.13648079481749e-05,3.85372784979594
0.00184034084100221,46.2089911154349
0.00127145777639008,23.6294860004305
0.0303238274080854,455.614935228542
0.000837000945826652,19.7999321512888
0.00351128650383312,63.4630332531187
0.00051697277694426,10.3382870982241
0.000106971525558931,2.38221737871255
0.0202797376769421,198.126786219265
0.000689503847999199,9.63804825229035
0.000531073185755189,7.53373229459719
0.00287070479096878,31.6259411592093
0.00112613776066097,21.4414186938915
0.0014348801784884,29.1722203229912
0.0164937626296892,442.194345325926
0.0144886045159713,121.351349616017
0.00206741394740604,25.8264059505509
0.00243232606091105,26.8455242159458
0.00319291175226944,61.2660635803494
0.00126877206925997,13.8969300438302
0.00459657743005067,64.7262118375908
0.00076540040281667,14.6617312846295
0.00207287850342583,25.5661345868223
0.00766460633892014,91.2811085092829
0.00157633990419625,25.6005555732059
0.00379489948422241,59.4882494023129
0.000882341255038308,12.9607091256758
0.0081438656003703,143.751437340109
0.0179061444450364,191.317466013172
0.00159655271554468,25.0405372712285
0.000734527113918142,16.0348438003132
0.0186511235139923,173.421665239958
0.00113318049391039,16.7199766194595
0.003168945719249,40.9858439946015
0.0186021883464971,269.018713710771
0.0165093168827149,280.745393304266
0.0448946104810207,594.515920463875
0.00345340091608629,55.7634522040484
0.00071911354272831,10.8054426509896
0.0126946979286249,153.928148904995
0.000391423262688321,4.50523921381723
0.00256158617994323,33.5524659416477
0.00235714732153247,16.7866960069843
0.0410398276064573,383.314691562196
0.000688593070831444,8.43591348820954
0.0166202885045032,424.829228710872
0.000653714991366521,9.07604029035274
0.000583665371841509,18.0031994625176
0.000230196409706232,5.0134604893382
0.0190039142566069,419.166552616084
0.0288279415325937,672.081462972238
0.00931720790016676,88.3280057671485
0.00375079066951137,66.6085230629202
0.000548159094090662,10.1862189875388
0.0115491527077911,359.231438889019
0.00217340137412206,26.2449343422413
0.00178577506260603,26.9880198562968
0.0015110015884825,28.9071297429791
0.000991452581456906,15.3497849595513
0.000707834134360388,16.8143430397145
0.00268498062610026,33.2850109528825
0.0115395561308535,221.902103629957
0.00346880425504788,80.0601039283578
0.00157693490950759,37.2045252899202
0.00143702090808459,20.3662387292112
0.00343992790213457,39.5526647843234
0.0214814427555569,421.467255340517
0.0284641201550324,371.762195089128
0.00576388717111767,35.8632228586787
0.0051627971775967,80.1754219014855
0.0113719451846992,117.023786222561
0.00352138054995183,55.8984895617729
0.00153555587464902,31.2180435575134
0.000346550012368838,7.17246883405223
0.000665742843513409,17.6862261791185
0.00303789440710299,52.3286020110192
0.000203946885586721,4.439908420305
0.00100975909289192,10.0126629283271
0.00319029486339589,45.0949132605628
0.00367218208132749,45.1322716584456
0.0043999575200943,49.9029517969093
0.00114048016566025,20.010091467323
0.00178738221658123,20.7493279964306
0.0508320758381552,688.991179152301
0.00393342889921294,64.2735195141628
0.000583187736288857,13.497594637723
0.000191758238920588,6.0524283371873
0.00141259058242893,26.0584732780161
0.00105174483993302,26.5547924755776
0.000148059343161437,2.89032725347354
0.00199818270686558,37.6873985550164
0.00791444039593996,87.7811878533764
0.00307461692644504,51.030947107051
0.00134232084602023,19.5939304181735
0.00235508054533812,26.8508574765809
0.0024027468654627,34.0921705843155
0.000664590563071342,7.36572083048522
0.0331287798721951,788.579246098068
0.000897917089202275,15.4842510069606
0.00124029726621512,15.4002704544639
-5.41653124672001e-05,3.14280918931079
6.99645049770472e-05,2.30801450842196
0.00128978798188207,19.2629639794994
0.00270374757469674,26.3487220093261
0.00033101774765056,6.39745103778269
0.00139609973908727,14.1621554467204
0.000164296864251431,4.93969023287281
0.147411114403861,1878.9182771422
7.0558366580249e-05,1.69935610470949
0.000915294048321331,11.219004056103
0.00120427858174627,16.9000600474787
0.0537430078038846,649.975478003464
0.00251175406776306,32.7427426862014
0.00260231520570188,21.1192914460522
0.000731765875068062,24.3999657969842
0.258442871564468,3198.44129700945
0.000738490709042165,20.9989748677841
0.011278067669865,96.1449477853081
0.000380306234187906,7.54858164440585
0.143528420514663,1763.6549401183
0.018872650900705,234.073751546424
0.00737275535278724,74.9132013090828
0.0028200205429917,38.6949014893241
0.0150889452753109,207.365474504793
0.0202791546965836,428.863706910965
0.00795447564101903,99.7414188880066
0.00437983284923462,97.4159422786385
0.000183590414234759,3.23595279695766
0.00147991533798158,43.1769558011935
0.000994923300704511,26.4414284530737
0.00174862971469815,28.1606031727797
0.0018800020915778,21.2842515855218
0.00178657444969228,39.5284159012309
0.00331337104245152,56.3894026538103
0.0154693942348002,371.371605405085
0.00812935111128147,134.65784540103
0.000117114607139003,5.12409578261483
0.00402602210235736,107.232249622096
0.000974410302050928,15.7215498688256
0.00400281695532798,53.8873335042361
0.00212343614018523,45.1520120512141
0.00156565610751173,22.6879845140857
0.000109025421695028,3.54843620943783
0.000533026793182549,6.30932611979769
0.00101035417948613,10.9881577014184
0.0444566528133236,638.868832858029
0.000660990076490201,14.5740553664595
0.0260970658164507,279.810570797471
0.00291108246562064,77.7759354201316
0.00463369228246767,71.4040889193862
0.00284999279800024,31.0469266071639
0.000448322496956924,6.68707666371915
0.0077139821192583,180.328747044986
0.00101462640401413,22.5512359892295
0.00278261697360615,44.3952156122583
0.00022119136515165,3.47630281774154
0.00368302399074174,73.9972493620674
0.00169101605429721,21.9150888610345
0.000809255467432938,11.4634124868595
0.000172722655998902,2.59946917631863
0.000535757324874933,6.14748886978836
0.000907415453591558,12.9436483816492
0.0257131029524351,423.731793918336
0.000289135937838102,4.56934768324702
0.00494132213603178,65.2666807631544
0.00352724943489402,55.5594957759516
0.00554015165299486,75.3270897811491
0.00254149192826164,25.7372130063315
0.000705053060823325,7.54402946905688
0.000292802939459244,5.37402557300281
0.00103585796932707,20.429202570596
0.000653494841887183,7.15199644144865
0.00156739114207042,14.0455975091367
0.000339989097464699,7.76311939561424
0.00268769005417241,43.9648101021489
0.000654298197822504,10.267855404089
0.0028487644802932,40.3565084340471
0.0375174572376614,779.281459270276
8.17017993884241e-05,2.30762040099745
0.00137566412156484,13.7743690349448
0.00641985640732487,59.108884854957
0.00231844919745121,29.6420053193545
0.0145749948318193,287.310852771199
8.58007757415521e-05,1.95173534174721
0.00130226391345397,10.331035623894
0.00105784006451987,11.5747576356937
0.00128874323798064,22.0065597429981
0.00909082030105405,175.595002794364
0.00139002438426053,24.3840369186884
0.00641118214936829,108.879038020505
0.00588637449470562,97.3883317535246
0.0241840797721339,542.852173303599
0.00180520052696016,14.7033944855789
0.000432275655538102,7.35206786165006
0.00182754199642873,27.4943530416341
0.000387396704670592,3.93249030327906
0.000705802976821361,9.881058954557
0.000287835379312329,3.72036203738487
0.00135592213908602,12.0225938085259
0.000312038005518548,3.5186957922726
0.0183914835031324,342.309036298834
0.00485911041490744,62.4357810872349
0.000868323839409119,12.8029739813185
0.000662608417421043,12.8642857726772
0.00020789115808387,5.54727591713963
0.000186699583557356,3.75653279145095
0.00083918495551328,15.0552472501772
0.00113699429578996,19.1741417403523
0.0108040448617778,143.528610286831
0.000875423440478842,14.9609616720112
0.0133075095651006,205.14451506891
0.00650344838268922,86.7266420578106
0.000867578537946752,16.3706921172366
0.00128632790382707,16.7449887207426
0.000219637163713785,7.04430903827564
8.05415853885849e-05,2.96003951263668
0.000106119482852656,1.72818903134123
0.0015321799569837,19.7122171079678
0.000497320039420514,8.10462740945962
0.0123428832077604,157.942531124823
0.00593477510687501,132.466931931253
0.00263310788269512,42.7105298029881
0.00233957424152227,27.2472678605694
0.00209872395024197,33.7163826597051
0.00947248554448812,111.582833663422
0.025244968217977,308.889074552729
0.00431740780839395,53.440513500506
0.0062423698370322,82.3243332265913
0.0196472490941703,183.372260674814
0.0120700230761574,110.172529089054
0.0109613874382552,126.606723396871
0.0177613871367301,143.817307087721
0.0170155680406649,158.949123915183
0.0245825772561481,248.561916772508
0.0105273501580901,98.201727374401
0.00724503573936654,72.4464507918777
0.00561750192708147,149.951636045477
0.0217652377736397,161.801254817562
0.000221545845719268,3.89552817899017
0.000843412703334976,11.7235611392226
0.0011874391925764,13.888681974329
0.000835867282379617,14.1399635216091
0.00270107790137845,46.944571051385
0.00302867107712705,33.7244784187351
0.000210347690657737,4.1532932414867
0.00184288371724476,19.4764137270261
0.00109302275057131,11.8521696374165
0.00047085660667521,10.9401964974498
0.0882441153799107,967.83516254438
0.193533561799419,2208.56165940122
0.0355644153605245,315.927809459677
0.0898378941958981,1107.04095730044
0.0603701529511624,601.182193263843
0.0371695092595723,308.26615596742
0.0217860657856791,484.497188999806
0.000640307601294778,8.20338211438365
0.00140151882120438,17.5589235641167
0.0132928825926923,323.964175481659
0.046696911930786,747.456279774776
0.000249752486802918,5.08278851438307
0.000189913109380518,4.20259392463226
0.000223429845035616,5.21197877418541
0.00644884053935781,95.2850029456299
0.00168907487895338,18.2724050263844
0.00416331135807785,38.9626962284225
0.00162772950787816,15.2116317481494
0.00171511416164334,29.9089961205258
0.000192780174508196,3.78313777516319
0.00623999874021221,76.6094774842339
0.000237342746459151,7.2114357446112
0.0121398883121066,78.6708855962053
0.00185859826393596,26.0657064235846
0.000132729802485226,1.90862297108546
0.0102488354198207,111.037068765957
0.000500549572340488,9.4280156426367
0.00199258987511134,29.1681337682528
0.00154700572107277,30.1577992159171
0.00170588420167426,31.7370236484883
0.000265925071890533,5.49353177008673
0.00340425416794611,44.9565319921103
0.00771604918212456,112.692286292078
0.0270960462853224,387.959985539782
9.86343012329838e-05,4.04891522456749
0.00414933807939191,73.0616320479844
0.00101134790201053,23.3558522522157
0.00086985367371816,11.8000987338973
0.00424669408447112,43.4677626677755
0.000225992864364806,5.11485258962551
0.000550737799957958,10.0633122623659
0.0191533908472936,334.584745656856
0.00557836044885538,103.265337924152
0.000371915714614976,5.18123537518149
0.000600538913931128,8.70939694446385
0.00103589000712978,13.0534587808251
0.00114879389496385,13.0347897593776
0.000399751923516382,5.94163339772682
0.00102449843404982,18.5671727151486
0.00200408339315672,37.7087625730995
0.00199997181644832,24.2485731797054
0.000146220264745492,3.20121340930751
6.92171546799443e-05,1.40323773755374
0.00159295352050189,26.04899048767
0.000853440715079956,8.5690331634916
0.000542688871552363,7.97787288225499
0.0005389589016654,9.45438651163737
0.000608587665768164,10.6387279281427
0.000343952064828017,9.87728773093165
0.000528982296198575,20.646230506498
0.000204638392340758,4.66772613748321
0.000958478597991388,11.4584910480569
0.00139812923099246,16.7524521273245
0.00136969996167286,17.32556985199
0.000229685555715415,2.61439347403637
0.000137534537886018,2.16833962622883
0.000448730970181632,9.5361718676807
0.000253384142166689,5.5057544664248
0.000353488350068339,4.4612596410237
0.000829766972005288,13.5322636165896
0.00100441519936313,16.1655499568112
0.000235124465081795,4.08754013051284
0.00245227940008957,22.9136816433716
0.000432689979104626,9.94665690255796
0.000456855383231843,4.72019646040867
0.00235936568931611,21.4172274575996
0.00029582936255299,3.02545882069308
0.000340212080327799,4.21443171448983
0.00092674671929218,12.9707835378926
0.000995029269344808,12.0205747731562
0.00322982327993906,28.7950683792418
0.000831794015289464,15.5672812254156
0.00765813628315475,162.424033811394
0.00117634846101443,16.9092314390999
0.000412403335816685,12.3015706507618
0.000107456493908349,3.53810523983294
0.00045887960854814,8.41100791867352
0.000178824992749783,3.44637825367538
0.000241888321079113,4.35321842399381
0.000250659157095987,3.86869371385117
8.99002897993835e-05,3.35208223518903
0.000388409390652401,6.12124009333799
0.00022617700768749,4.13173544278443
0.000133876263125362,2.97710089839815
0.00055378136929725,8.11893015393204
9.94208901675601e-05,2.09724874134038
0.00263400131922815,47.1990180993332
4.41905843253058e-05,1.0240890973891
0.00127364006790153,12.0314931875557
0.000468071420201893,7.33911698592266
0.000386250156716413,9.0549450349042
0.000826596975761128,11.5299913809054
0.00343689092506043,26.0970460916433
9.77907784692115e-05,2.47720257088507
0.00240926466586613,16.3965505338795
0.00144742127293258,13.1838517843284
0.000361101123962238,8.14208217184985
0.000409669407737961,5.72288017164916
0.0105902836911951,73.7995253604388
0.000482751685602506,7.54122625741538
0.00107563644601705,9.19896623481418
6.83611000673713e-05,2.49703071227027
0.00104212133927803,19.3001024618406
0.00034872391172397,6.44027528793989
0.000471429252256601,14.0544037757997
0.000498749439421429,10.9718367925658
8.92983454113764e-05,2.47576521361865
0.00305510691795175,30.4567808674149
0.000682127353434572,13.6003009164203
0.0010701222375138,18.9837290237425
0.000561420868650999,9.27187363599663
0.000810242762242229,8.18415310523222
0.00112422988054917,16.9896742541199
0.00042629906436528,7.73308369090817
0.00597044470259793,47.8871935843961
0.000659575798654675,10.7642649651779
9.43745349900968e-05,3.30275242020034
0.000419090307092383,4.57817587888429
0.00033447886148908,14.2904567350566
0.000807009290685202,18.5682787021742
0.000673640392225078,8.471397458749
0.00109516366603666,13.122730688288
0.000722661976476997,8.19522508175382
0.00191663851164032,40.957045811039
0.00177835907119234,32.1455684197219
0.000571536879499715,7.41921328769204
0.000908342702087592,10.1619089403432
0.000373604678596936,8.32960266094415
0.001364289410379,29.6559632046892
0.000432801227282017,7.64517824745543
0.000587248067424653,8.79804661091609
0.00271670094442041,36.2531937020346
0.00028883077167107,5.4935703868864
0.000201869941349265,3.77604594402677
0.0017716399478213,20.2595030883891
4.14083330217759e-05,0.858763854407523
0.00030485662441342,7.04666623308952
7.28071448072378e-05,2.89393658744318
0.000346998612822504,5.41708167661659
3.05881007808476e-05,1.57152133925801
0.000380057357452427,4.02159994327172
0.000428653845961909,11.7087739625605
0.000311746838826777,5.24218492253063
0.0158264529669054,203.843542166487
0.00475056024598882,68.261835785985
0.00179160245514992,22.70288465399
0.00473455789163779,76.417415761127
0.000460245955102908,6.51522428014142
0.00146795418169067,10.07162995958
0.0151124341862899,316.839942521607
0.00026628707317912,4.87334894456814
0.000877031595995141,18.3267662199191
0.000585415602492765,13.4116609410654
0.000381708045097372,5.64016813591866
0.000320043451859934,7.82889806176976
0.00140996780438825,18.2124957869181
0.000212574137588257,4.76188807863654
0.000129825751935291,1.57214066814841
0.00399523460933527,61.4321532572922
0.00158135358347509,24.9551961665486
0.000794367830818068,11.9811319617632
0.00171614568362557,22.1408567081065
0.00209129305971777,27.6778651155971
0.003074124642523,28.5200303129106
0.000517845341580827,9.86608363657334
0.000590990423315207,9.32842477131549
0.000745080407519549,14.1748387579114
0.000168501132921485,5.79567722886575
0.00503268599495996,66.585836544247
0.00290170087985841,39.1240502903571
0.000538603851752196,7.37174058228985
0.000439083001164462,9.06859055861232
0.000317227621145905,8.18033406245636
0.000533944180550105,8.06866382526839
0.000249161297020615,4.50809276980227
0.0002326441213991,3.76131305209375
0.000166988138316301,3.44503456225177
0.00029154929932663,5.14094725364701
0.00270949334401685,30.0267017088529
0.000271031078589205,5.47755955820195
0.000288137455268329,4.24705716065443
0.00774943213864265,152.415131690047
0.000178782975912731,4.64285232367495
0.00114342692359791,17.9992012985509
0.000294725535888078,11.4090165944091
0.000603148499263253,9.88361760937607
0.000141724122302412,3.91961457015595
0.000618189043046516,10.4204233120123
0.000578124989974574,12.0729366791978
0.000513398531041351,8.39338545841135
0.000685138509488639,10.9523755048859
9.49408635239942e-05,2.25432853973896
0.00074833515448163,11.322635301415
0.000224049288498622,3.93549547389089
0.000295618009567097,7.16463170615192
0.000414796241507459,17.2924885339364
0.000837841614403803,18.6199597410453
0.0137161807221326,116.8857670879
0.00632727851530682,77.3135547893256
0.0281259642176341,219.90990988229
0.000307873511088115,8.05907140357345
0.00508680032121515,101.394722189384
0.00242301820644333,48.0376360142486
0.00167618360225705,17.9942197566832
0.00323677329043673,34.6283587723336
0.00225431757015448,34.62625479224
0.000141776360262788,2.14252779890374
0.000321598008163267,6.50210378518884
0.000591906315728517,6.57248936548951
0.000185444016922782,6.33611230660757
0.000122439549813029,2.98898432184188
3.50009335325226e-05,1.81786133964409
0.0013471944562464,19.2068209471183
0.000764193579369868,24.7189666237402
0.000616377597499913,21.5452074857121
0.000622153827408019,15.0771958716448
0.000612530964131735,6.51426442161679
0.00137475321605607,16.3531201190087
0.0294547312304578,457.538956429822
0.0018920976011294,22.9324087536898
0.00090858903809199,11.3372379446126
0.000488768243205557,5.80778936186389
0.00181521259485072,18.9724577359549
0.00351082243958572,41.2052260023078
0.0101764617996935,110.271278087578
0.000447286723662301,10.1324880352999
0.00244645018652494,33.5528528240462
0.0248838438904777,405.067954357782
0.000430262865648898,7.9690985358435
0.0299075213076159,326.477494913852
0.013858565217398,126.749137355998
0.000325384838526115,5.10357266950723
0.000455987782248738,9.15074152678741
0.000866108278505463,6.66667377683474
0.00212593379000867,24.773793882803
0.000904480523418684,9.36336750631658
0.000750916894493956,12.6775048558552
0.00131729604869244,15.1066005064604
0.000580108549066375,6.15741271422257
0.0018961846402985,10.9211802063681
0.0006160923384218,8.56959056414027
0.00120606384976759,15.2669201154154
0.000424082505634532,4.84877733635032
0.000350931399407287,5.83640608435353
0.002277021522222,11.786442923736
0.000173136128138073,3.36832723249841
0.00100784387364166,10.3225426583377
0.000496910363622727,7.92111317282364
0.00027645350041342,5.79016680061107
0.000344774086681453,4.53567588521841
0.000520627316917549,13.0472137075724
0.00111130574292003,18.0060908331744
0.00144975718807359,20.9538679979631
0.00112959677864721,13.040437182794
0.000483755263832831,6.92893119540007
0.000327152072937296,6.20482544414284
0.000332003167275212,6.74660236030034
0.00471713009324924,69.8067173671866
0.000302131988059045,5.49510599923218
0.000303727222086872,6.86137650441191
0.00103164448778783,14.1938759167548
0.000317708829791177,5.37151630355928
0.00133954084522972,22.976854253194
0.00112777355263164,15.0876768095015
0.0115605094893354,273.535105372326
0.00115401619455614,10.5178944667743
0.000706815159544464,12.3052097031709
0.00141143728875521,35.174773841794
0.025263480921064,307.222245332346
0.00115431588955878,14.0111920126035
0.000787741319199826,12.8517462146207
0.000467455534188876,7.02132354513552
0.000843263080129056,13.6073582313232
0.242133485376038,3618.0580594315
0.0112316084880157,139.02602253229
0.00145012338702894,23.6595421762196
0.00206398057694136,25.4577963263552
0.000459361417986962,7.10404595302614
0.000365921977666799,7.61309235596606
0.00451260187935688,50.3980171888437
0.000793231794990362,14.3795036745719
0.000492556853825247,6.61188437015546
0.00383315121209974,54.5669614447061
0.000651924102433682,11.2200849435408
0.0189557115113729,144.230141744748
0.00467481308235964,66.4494568312784
0.00419479934018437,40.7556639796704
0.00405768071630049,35.6471193747774
0.00040171358163079,6.28032075283823
0.00250333866960661,33.1960694865569
0.00067264594406269,11.4062829083449
0.0011649222036824,14.3214437609994
0.0148527688303092,143.743322907739
0.0225041222468407,185.908727189613
0.0126163947517854,139.83726546221
0.00333631959646143,36.2009058049587
0.0029229120847303,44.9456973812822
0.000149273787399402,3.27034055648521
0.0019140375064551,18.9520432356871
0.000260279844672173,5.36662178362735
0.00165256197381861,15.8062889165083
0.00859003849949821,82.8717754978393
0.0145129940171354,160.787447666233
0.0017415823738334,22.1100200614247
0.01356670871887,328.443508170834
0.000782877795576606,14.1311006097332
0.00211229213346138,37.8771308730294
0.00124424479517242,27.018824287882
0.0160065020168571,400.204860297556
0.0202111232326832,527.774764673541
0.0335865554110143,360.375061466519
0.0269060487923671,657.833592742704
0.000138508543739236,3.05346373113097
0.00774495510963834,188.482134775667
0.00223153832586419,30.9924524521742
0.000402049876388404,6.64879793094541
0.00106160312402895,15.9632948807721
0.000657911628205241,9.33186651878571
0.00351651533379122,47.2274985844991
0.000759018317043481,11.9206487225585
0.00284834084915383,53.6640826160566
0.0183495402973958,434.330373926345
0.0012614941541282,22.2429827978329
0.00227384710495406,34.2816896939641
0.000318076840038835,5.81842263909262
0.000809093139577932,17.3107497690697
0.000717505520995608,13.8399103062855
0.000775355931876085,13.3734664158085
0.00453189389855115,88.1570649510791
0.00235388407931616,33.3270604718612
0.0097142744872909,175.962719923146
0.000232163855695451,9.3518847372763
0.000650754424484462,12.2197313620876
0.00122194278332454,16.5132854688859
0.00117555271002205,17.7672283133981
0.00660225705216769,85.9614109614091
0.000191503603465259,4.30319381417787
0.00475959688280071,41.6523816859824
0.000585934061177568,8.12661050899303
0.000453017624291616,7.53581447357131
0.0025519829860529,23.650359146729
0.000677214314643265,10.6571793549448
0.00117207449922401,14.9458144976617
0.000250503320944081,5.89229735554222
0.00228538052858933,25.4084481681453
0.00154026160673313,17.5635870765511
0.00106060561384122,17.900802971612
0.000716633655841886,11.1494872904917
0.00435419767250562,38.8992425605558
0.00081254698844931,12.5845581461202
0.000596473389145749,19.8457635736835
0.00222015139208676,28.8797769497716
0.00300953764168258,49.1204313088999
0.00119153600283222,24.5763339958472
0.0846290312899064,1412.12991965063
0.00256571039271972,33.9771832360437
0.000119487449491557,2.27585646757023
0.00139131453408027,18.9402027626821
0.000224616553029899,4.03885710066309
0.00182278007335846,20.3687001248684
0.000962728461357842,15.9792702981695
0.00217016782653933,17.983241727437
0.000520303210864254,4.38873699266451
0.00100271695858222,17.1506908408428
0.102529446217096,1238.07662793967
8.6692297642202e-05,4.04445954568962
0.000293194871550247,8.80468043670451
0.000119931784038176,2.74967394940347
0.0634617407439657,1121.85128801874
0.00199631932705857,24.7743776448232
0.00363557101666751,53.5182108413293
6.47059274830407e-05,2.04636905635481
0.276557579220126,3708.32668992995
0.00115957208851179,28.188754360842
0.0867486817559048,1022.47764540179
0.00332666041048884,63.870451552967
0.119164571711305,1439.28780245351
0.0112876120307717,136.555456537876
0.0184079355922303,162.721286616832
0.00361272646493378,80.7161354736931
0.0213767712468353,331.708759411735
0.0458562842199043,701.200829867498
0.0149189287133497,178.960496356244
0.0104730773359885,182.39544050493
0.00255217192582199,64.5069627223201
0.000256187107878698,4.02197284762463
0.0236318283680349,596.633651288356
0.018535245429033,358.0822365249
0.0111614072375407,272.111490133889
0.00312645817731482,71.9878032780936
0.00134654087911714,18.2384190632275
0.0249500150983456,582.547385382908
0.00379544340642109,58.7962745591836
0.00118636857491574,16.0307948090822
0.00338514460155475,57.3016778754996
0.00085484659613103,7.53316198592894
0.000162009836020284,5.03242261161526
0.000104766387867651,2.66443962237971
0.00378512221072021,69.3521618806485
0.000401100122784716,6.31715168549684
0.000597909775798269,8.95139025674063
0.00225071046999349,32.0716842797179
0.0139847550126365,174.214329366779
0.00688187466035014,48.0935051753227
0.0177421160328029,227.481736393265
0.00560155745272666,76.3288441568822
0.0024378678603252,25.7553665185555
0.00373630776993368,34.6586342074546
0.000778284736499696,22.9981389777182
0.00615155752915812,51.4864276017288
0.00161863840313985,22.3296937379599
0.000271538729958738,5.02412773255318
0.00109718399345886,8.78012018378424
0.000524045356596506,8.92285282033505
0.00256412356130587,18.7296122622603
0.00124706279169126,23.141144811946
0.000620714223089651,6.32652538763755
0.000630706746826916,8.9163614906002
0.00089322234487068,13.7037283186302
0.00807522026006807,120.301624143967
0.000731150597016996,6.74200366814881
0.00124073824314278,19.335059669602
0.00192513301582582,29.6562886076475
0.00193184652305897,29.1955312721066
0.00946230534378294,67.7317901913285
0.000415019587817301,5.42853587290942
0.000717211583844322,13.779358263548
0.00186295989858734,22.8048401628219
0.00215443824818348,27.3631067910684
0.0253881400648956,317.503294305379
0.000358902388646316,7.71767933976144
0.000216461649264075,5.00912707794736
0.00108859206738212,14.7485385171638
0.00129738216861752,17.4687631072565
0.0339127788923607,603.351561980875
0.00214069283486111,28.7227650206261
0.00152102076424435,13.064762143435
0.00314056040459853,40.8419333054126
0.0007253423509311,16.8481034214804
0.0491066622705306,937.622328554628
0.000375475672884838,4.80819003184214
0.00169101312497223,20.7816902073711
0.00806199070997839,99.8190218249343
0.00157783711751231,20.5127480429389
0.00259879027616452,26.7468857039227
0.000272909858444749,6.84714471327573
0.000115178828048205,2.18636955669898
0.00140120660105762,15.0431213491017
0.00132829482787178,14.9391613154805
0.000368527357945131,7.04049655376862
0.000673229992944084,10.0284238951287
0.000345465132305327,5.01112313200281
0.000182340039593413,4.73682575565671
0.000438762295551831,9.06472207044842
0.000388155657362513,8.15350110595545
0.000978145595489351,10.5123593842668
0.000838253248248239,10.6299492614882
0.00231960250115712,19.0747300420415
0.0010644910289492,11.2643817299268
1.9015275560833e-05,2.10625349913289
0.00094627966124862,14.1079341939423
0.000209552183636915,4.93434390139006
9.65714152317476e-06,1.2778552957404
0.000326095615293823,6.59133783637906
0.000793927665506773,18.1064264085565
0.000532027992437926,10.8406918681792
0.000552417985071685,6.36392824160954
0.00048370879367675,7.45550459142119
0.00124841942459938,22.4757674862864
0.000149942617337799,3.78655844602382
0.000554909360527046,8.71480808383044
0.000196420463058083,7.38390732038349
0.00101935387397068,8.59158182371643
0.000447820581052304,8.03249589631621
0.000116315562406443,2.950589850632
0.000727773654380497,9.81788864759461
0.00140966082166772,22.6465845863255
0.00421349290035459,71.9126683697223
0.00123681858415183,23.4643331965519
0.00358155289364068,85.5690169797694
0.0114181933793716,143.139366911181
0.0148624313411954,166.948139474314
0.00525994153908565,71.1421679917466
0.0137697609343324,113.281205879514
0.00118243737969159,16.6657085114613
0.000697287131284373,12.5411174302879
0.000559557480767659,8.03257967299062
0.0002893890080507,7.07509169851874
0.000529571001403457,11.1791532744971
0.00206762902100715,25.9632839165119
0.00991686043827486,166.03598409252
0.0016904444718205,37.6688369432776
0.00515011591705244,48.48737991434
0.00207999190623833,32.8182984071515
0.00124911466016086,14.105683380985
0.000299892176335698,7.54252489972534
0.00223948803678348,19.4625923334341
0.00101275176050592,20.4820867763904
0.000158442904993338,4.11174336763498
0.000343295093245454,4.53776604448076
0.00410993366451758,39.4569498700922
0.0014251960489611,16.7627055859975
0.00177365558418097,29.7353443855152
0.0135886645241642,285.244342339942
0.000568071752331134,6.46594954737748
0.00394007735821719,30.6183324838968
0.00323279156682205,40.3169912511259
0.000607451043734961,8.28783441040877
0.00191427166310623,20.9537334250549
0.000708502936462359,15.83342154976
0.00765493756202696,213.169562705933
0.00203460869597019,18.4647630191238
0.00132848974467618,19.3248392899236
0.00302358894730818,48.6014668906736
0.00104093295516296,18.5144140214024
0.000706624547444515,7.2990041908479
0.00083743109257575,13.5108520368053
0.0109321313135029,107.629485290624
0.000758862795398698,15.1487823750665
0.000984092509451193,12.7503502916303
0.00523442653039505,61.0908798521558
0.00509022360948007,61.9183767229384
0.00426771021658371,61.1583555518991
0.00188744311869832,29.5548375305128
0.000691244083186699,11.1849198696694
0.000339676795554157,4.08527552232368
0.000505225199425043,12.3532775024659
0.00119805536030139,13.7065390101575
0.000543373508632228,6.52985394620156
0.00115247443077028,15.1572334395414
0.00414456689094627,61.9277026249631
0.0371428715469742,684.692875452433
0.000509813420581263,7.06480267566421
0.00295962720277249,25.8786730541374
0.00150899738198097,14.1242300141549
0.0054586556808682,40.2978544800684
0.00126590488986945,10.9747575896114
0.00235952837448209,24.5490138978777
0.00762952292673408,69.1840360569368
0.00139652245193222,25.8373662812806
0.00267013831876048,35.0812984473189
0.0025260453002326,29.4370859943141
0.0416818531851884,476.238923526098
0.000217822659747653,4.07284833495406
0.000142647004357353,3.93422954832706
0.000471928043560746,8.5952585257543
0.001413511824483,16.958392907459
0.000233903073136357,6.13430333487572
0.000548412680915372,10.356758224551
0.000501672036473964,12.8352645530691
0.000594878036142466,10.6410693984433
0.00064467244635677,11.0563046568819
0.000403114585930696,7.80742080299485
0.000311662375121851,6.78619059847341
0.00175018953201238,14.8967573238198
5.64714453857831e-06,1.49437611865084
0.00021955879594609,3.64245573262315
0.00253180191059297,36.1121345489226
0.00169851632248446,22.2988685475668
7.7984273463359e-05,1.95796754731249
0.000213929121466979,5.47953632753353
0.000289719628056482,7.05856306030259
0.000268667217740304,6.42948403259297
0.000211580603233788,5.70784599721023
0.000426835498880504,5.11351594948438
0.000542911397297824,7.1868907903344
0.000412055548629494,5.68082363900403
4.58110067758955e-05,1.04768136454031
6.81172507240601e-05,1.72611813416455
0.00035007179277754,6.53471600863529
0.00460338194200308,65.3200738775471
0.00130188190826478,19.5345754404591
0.000208640212593384,7.2725393842703
0.000651229574075852,19.4217909123065
0.000794826977906634,11.4392248891531
0.00154416866778846,15.1090569657344
0.00149830906407576,17.6034538220249
0.00160127970812613,20.8099061433574
0.00575274380516233,167.292969103404
0.000104641823181659,5.89915717069033
0.000649174004311075,6.57958042174915
0.000889068749915587,15.4071581247891
0.000474639865971167,8.71405993746828
0.0016155280233576,20.1573384319785
0.000142003379940589,2.89532653596799
0.000389810337706228,4.87119004005711
0.000122053310631874,2.62891369012725
6.86202069790969e-05,1.52698782959763
9.02400918599696e-05,3.35891705404869
0.000160442768962372,3.72959853844666
0.000111813273877955,3.75743072678422
0.000429333834598362,10.8467498134191
4.34993445756051e-05,1.09133064952047
0.000509067959615521,10.1545183689817
0.00035633217574355,3.38638395660118
0.00093963564860254,9.84334013647851
9.30397563871198e-05,2.38932444103372
0.000524660404527163,5.95456984111176
0.000115197238434162,3.86705866576043
0.00586047839775191,39.8029316667559
0.00013721363293934,1.9048169191619
0.00108884202465978,10.2838647180778
0.000798883571617593,10.3855995575152
0.000121076658550902,2.61313071676941
0.00341368844948194,46.0514600798297
5.29549359500717e-05,1.06725290492865
0.00034468926145114,5.0651412276164
0.0002987659565119,5.40571743108713
0.000244330138097685,4.08002146057137
0.000384390224747046,5.82638037540595
0.000226786680484288,3.72859680729034
0.00180448813357389,15.0411607479786
0.000234693406303928,4.31235915453451
0.000694390189204534,10.9167670536074
0.00485786287165121,54.2401537445077
0.00135737185129005,20.1596276795833
0.00107030582768047,22.2593681909485
0.000436742315626736,6.23731858001798
0.000214601087263636,4.80385512604807
0.000176422797341245,2.99443859852225
0.000516500458818522,6.90357597155324
0.00110387707505246,18.5126968278959
0.00027819011766789,4.61117893212008
0.000556621068241141,11.7108364869848
0.000214750349676007,3.34867215667292
0.00196360596247725,32.1311003206489
0.00128835790080159,18.4579425192419
0.000241914542508751,5.72025366477733
0.000190609458406082,4.39475492800131
0.000456169725915656,6.69589840960587
0.00130004309589504,17.6781728693739
0.000815206245449327,12.1370522189454
0.00200764112553165,29.4905812297758
0.00207351907279483,37.5526183627067
0.0023364514196754,31.3676376554971
0.000962065652390489,18.2302062432491
0.0002649836399297,5.07767163714312
0.00150786746025267,21.5353724528872
0.00207682373126768,26.6221131152508
0.00116545824542431,19.7598817788599
0.00266402691345428,41.4110985486474
0.00172349026839056,20.7012575668721
0.00293252080387411,38.637129006391
0.000544308785241103,7.85620517865516
0.00282016526793062,24.910594981731
0.00110806313708092,21.7979514751932
0.00269842820611684,36.6028474983002
0.001018968780019,14.4131926146125
0.00456775104552526,68.0821852944196
0.00220086607622794,59.4868424676248
0.00184525192820227,29.3699374031714
0.000653789640493834,11.1854908239726
0.0023244345730358,59.1924327758714
0.0140339625563995,134.232361239113
0.00283831308666324,32.5427474257277
0.00159237548668326,25.3173064897298
0.00693966615222186,144.624019270817
3.46996673839796e-05,1.04132087545264
0.00457079447452759,69.872008985794
0.00702869210750928,56.6501648151204
0.00226579157503984,28.529159889609
0.0014365484629235,29.7636835540802
0.000982696255910503,11.9253437186945
0.0019816946195385,47.8578432326918
0.000134432351026589,3.92773988594818
0.00153942288251945,22.2821988337128
0.000383840689167498,6.60758276059869
0.00171458788202628,28.413491220256
0.0106145126540341,150.560821789825
0.013988269347022,161.062081467296
0.00841682590024121,82.1979757546467
0.00135416264177618,26.5622193594757
0.00486494562522754,79.9583677922538
0.0066316383464591,155.237512248085
0.000165953257129705,3.8265685456868
0.000222782035596231,5.32938167534286
0.000383674887475178,5.65922706015209
0.000865374101947337,14.3308291830758
0.00134826573883742,18.6896705077174
0.000155810143221769,3.45208921157865
0.00056801509267327,8.97737707702925
0.000220063991538555,3.56925337262372
0.000166645100136585,6.04726605121348
0.000123182492233825,2.70478503217078
0.00117124202896002,20.9775550188981
0.000645254778161235,13.0342350423959
0.000750331363478788,9.36135842991204
0.000198092997214575,3.39438425930675
7.14602149530254e-05,3.12039791708833
0.000247293615678501,7.81824816825004
0.000965919070074123,21.5925254784783
0.00033857284408032,4.11551158417815
0.000307316272151788,5.16517518664134
0.000103808404749951,2.81234693925033
7.98421787286421e-05,1.68731631442324
0.000312451824487575,8.04416386895379
0.00112593863968102,17.2303263109715
0.000439635638850538,7.16838873615607
0.00032421484615925,7.37276998135858
0.00337538981493769,45.7043974086667
0.00750278478364081,96.8992898702589
0.0138689938268867,276.290237854046
0.00268513412984713,44.1779716523385
0.000648586302845301,22.4744821275788
0.0317033749932723,474.543650006465
0.000646395922379598,10.1699384119185
0.00417658179022532,46.1319413007261
0.000250776784179762,3.82748636076359
0.000382587160882361,5.33994942482518
0.000390021817963493,3.50528679618561
0.000356112703928427,8.8825819210628
0.00078738828582354,9.33074899457356
0.000934454416812818,11.5844551102048
0.0209773047226551,277.751813680454
0.00433416091530351,67.7107846512796
0.0101129338377191,182.589602420293
0.000480954989547805,10.1377641196816
0.000306544141411806,5.84999543259533
0.000481975708226415,8.87038146539572
0.00116973067104468,17.6916666939401
0.000628824014243737,8.69848738224225
0.000235105889606081,3.8354073885938
0.000797924249222056,6.77038849512238
0.000692674358904405,16.0058029987426
0.00034726655799987,10.6760537067888
0.00255990280645792,68.7584894312784
0.000575892146305877,8.90316026020284
0.00102200621780864,13.4602634637286
0.000774422424092747,12.293326363144
0.00185649118788363,20.2010158301283
0.00767103596762245,149.828271025027
0.00183086220765054,25.2883854597276
0.00322658932087052,56.4412989456591
0.00751836102673899,179.148102815924
0.000727319900670993,6.57541209602273
0.00201890895792878,18.223892999197
0.00269576429452053,26.1837476906482
0.00252541899306524,27.8617802908399
0.00075858848325906,12.9973197953325
0.000625204224395053,5.86626793756462
0.000769987575388918,16.0010427011437
0.000536144021845614,9.82711168492148
0.00104832409840759,12.6804100332028
0.000918870507054995,11.5966918110864
0.000727179108626331,9.28336619474508
0.000636242246634124,8.08699076327356
0.000744904791137804,14.0244646235385
0.00930241508370763,128.798834427602
0.00184955561182688,26.9128064537897
0.000317197023841663,5.83723146106101
0.000267535709097855,5.90551870382156
0.00366672991298275,40.6634205434613
0.00666576125507953,64.3805492151049
0.00865738826368955,69.2627111562157
0.00125620030266781,19.6152342507928
0.00302323970803933,40.7858488727613
8.95242065807942e-05,2.8431606055304
0.000307401874512397,8.9895442775938
0.000890619425929688,17.1384170515641
0.00435986486381361,37.7089636638393
0.000538831284407656,10.718467961902
0.000899499348175259,15.0965157921501
0.00238517861725838,28.2893614160484
0.00134834650915719,19.3155556931477
0.000778029782143262,11.0885799498388
0.0012353103514835,20.0818914060526
0.00529151992861969,47.7622545628032
0.000609362424121952,11.4686772208659
0.000308724140511329,6.05372844325093
0.00582181878237345,65.3991361515269
0.00244957393546183,27.7442185233769
0.000839474181894992,11.5968311127663
0.00769910157529411,63.682883780105
0.0080510622506643,245.694212219568
0.00448375322676545,75.2710001872295
0.000575387582242521,6.78694770535342
0.00124610627144567,20.0669762138488
0.000863073443224681,12.2453359695406
0.00032499658679234,6.69025021045324
0.00219969129415013,28.1968362953051
0.00218563775788533,38.6507549744014
0.00326533713934227,53.9995824900956
0.00161550978944385,23.0786410882717
0.000606285089308985,9.45520565371926
0.00666317311116627,86.0557454052938
0.00157102167357092,16.3949679474419
0.000350345700936431,5.66069050713147
0.00106483166952259,13.2166628355328
0.00262235642101253,60.0513455801788
0.000375622342849059,5.0776795590867
0.00267515368953005,40.0523652862951
0.000857155616531258,13.8598621034614
0.00095766584808917,12.2316664690932
0.000498007348072027,8.22683745992281
0.00168321712594653,28.3894076973266
0.00262222801168225,27.2340932861632
0.0169779279640959,268.984997451739
0.00685841468199545,154.400932803525
0.0038193184282468,54.5425975127076
0.00182237742652973,35.18609699537
0.00024119611636315,4.0403138042693
0.0617388118746543,928.001234603521
0.000615191454297363,7.31134920137589
0.00117282132796585,18.218195533458
0.0561437664442354,848.074539657794
0.000635753797077016,9.67927131604881
0.0074263909519616,139.878810428502
0.000421135051695285,5.51162917602796
0.00140048016502245,20.3465012819297
0.0723105690147078,1486.35483335289
0.00743079261064292,175.470597345585
0.0160507042993223,353.008727912186
0.0102001403531681,88.8715705695141
0.00895281351778695,162.808751005766
0.00142109668610128,24.7370719821172
0.0157819852219369,377.33756803935
0.00523991646755112,45.54528382571
0.00148860487320096,23.1809786600013
0.00207051018039602,34.2439755835216
0.00135631884201207,11.4319418655823
0.00293292156450924,22.6001702459371
0.00143452364121323,42.9353403462338
0.028434574868275,468.445418324971
0.00174684277660255,22.4193926588522
0.00121863023364433,17.2865024503828
0.000474617403272573,9.25113532066938
0.00195492521121135,22.6929739424569
0.0328075447561244,398.471758865819
0.000346020794904169,5.89837283612556
0.0278492030599828,223.220005265485
0.00370090273522959,59.7320675308347
0.00329214864985665,75.4757971796826
0.00197979753843167,36.4820251230344
0.000971890810286405,13.7230907772718
0.000767945489592002,12.7979415613075
0.00148446113341235,16.6852511267342
0.0149203360954387,387.279925581796
0.00074435282171627,9.59236203241757
0.00466928322549923,62.5613626545196
0.00595132643047775,90.8374678554447
0.0155700181584607,386.710598553861
0.00367333577836091,37.2497375176885
0.00176087607655836,26.0057905588444
0.0257580717133554,603.957336142924
0.00041357832499816,5.87939020214667
0.0120378246238538,221.407230734229
0.000474698070357003,6.50494608346583
0.00169646682888447,33.9790497819193
0.00302248605137148,46.7215954898083
0.0330472426478584,426.263342944219
0.00144836477437053,27.4619477327953
0.0637025614552334,786.15347809685
0.00247726879569167,39.6654003886582
0.0244002561144742,288.954006569265
0.00135557950353007,25.9160243534634
0.0584938440467898,739.56034117783
0.00320371543572545,30.7931263243989
0.00137486670658195,27.0238806905928
0.00462274886363836,62.9711558557397
0.000712212236908725,12.0869567593417
0.00769594648864983,61.3343912671135
0.00303177332802616,27.9179314832861
0.00052131310209129,8.93507728637198
0.000530679342901312,10.4616586551101
0.000929744613875435,9.26659546600661
0.00058889078378108,10.8704075127492
0.0126512688209573,117.516420478453
0.0122340338638726,123.617919731453
5.22240864217477e-05,2.10968338678267
0.00129464981631666,14.1392357412836
0.000178770129332282,2.91507671758683
0.00230940667467512,42.0958023430313
0.00934595845455298,85.9383103604884
0.000541827191073273,6.8759701024909
0.000407252721403586,4.24768798800081
0.00135465614003277,27.8866166180163
0.00106101430012016,11.9601755811222
0.00310150048096494,49.9889647917837
0.00215176534817644,38.2875690242053
0.00419513206061751,95.591191728687
0.00122643349725514,24.5262328861201
0.0006163993625215,22.554789152117
0.00962088636568006,107.316584455752
0.00942327369183827,126.380939558443
0.000116136577948124,2.20133741179142
0.0155584152699126,194.49282332559
0.00213315186844801,18.4464617960413
0.00152231039394143,17.9937729656449
0.0248110463318724,212.95870304234
0.00327917646610967,52.0485790745151
0.00380425865813895,44.9555940076842
0.0338347454973044,247.313009689654
0.00521348815560795,133.339235836532
0.0153682948090664,118.910055519643
0.0037970689743361,37.5411132674012
0.0317490968414532,591.241382267349
0.0181424538566823,199.43598532035
0.00552327901680739,60.4701653813063
0.000485138321408997,11.5377409914699
0.000675325836634945,8.37659945770372
0.000135711759423042,3.05255539324192
0.000546484361812436,9.72125858213975
0.000233090078832589,4.42655017873135
0.00104145713501944,9.56825158742562
0.001659935246575,15.2045172854334
0.00932509044659538,86.7955417670058
0.000553471036718464,8.77864090830511
0.000289128194228358,6.29007343269617
0.000829708528801062,21.2445323507807
0.00861740348051095,93.4225650410388
0.0011120414641195,18.7662409214271
0.000855915311079807,7.65228173617726
0.0326614829179032,221.926709412978
0.0017149104104701,20.6462983723626
0.00189226806946416,22.6865004452657
0.00655439523097407,82.400733938691
0.000166371321965209,2.53123297676085
0.0153955593639302,104.807709907888
0.00154198895106122,26.0393606493715
0.00132238006303413,20.6880910745518
0.00102253211698522,10.8911187109589
0.0069461400842722,153.530473647951
0.00203589629541174,20.7468674088398
0.000913460128556802,15.4544686251744
0.00246818351580251,55.6855151488006
0.00205832318346362,13.2574509420023
0.000722032283474862,11.0380801660115
0.00118987860725187,17.2804115558897
0.000695298873352689,13.0691059590339
0.00127588967563023,27.8060163075971
0.000228775703534636,3.73094703451187
0.00105821911665162,14.0320824033291
0.000378127206898966,6.72582210057783
0.000836244759767955,11.9272369703108
0.000958948856759052,29.9033898709308
0.000641232187769588,9.63119691884128
0.0012047142776449,17.3285612594799
0.00112368566200623,15.5542076341772
0.0398649359832756,439.461661772526
0.00114211900214009,20.6372940932131
0.000444431353700828,6.85364097047893
0.00232133786549795,30.7891012658629
0.0011377447665942,15.861767074852
0.0374404186959544,439.862846670898
0.000753514037185617,10.58520199203
0.001192491568355,20.687872372457
0.00119535037779646,20.576934679009
0.00748119878062136,123.30779565728
0.000254408870927791,3.51771583331885
0.00223045586208258,57.0235727231725
0.000577951169856426,5.44777158094383
0.0218368826804465,302.762042827446
0.00044693129482202,9.35104532275092
0.00028891473098186,5.19632421901045
0.00108162479402492,14.0641967840861
0.00128784285116103,16.0277322813002
0.000255692000452961,4.00329970291346
0.00026055062144321,6.99964627184984
0.000487249349586064,5.45096843184193
0.00135403925633449,18.2623699127717
0.00243648476832542,45.9217523705845
0.00042769521959626,7.44657352891803
0.00215479308888943,22.9336460865908
0.000957185534191611,13.6469749633563
0.000783192932114276,13.8965580968967
0.000154984559272177,2.74959220457431
0.000596982923598165,13.4273885022014
0.000354792405096134,8.53219854340562
0.000899817590594708,15.5095255942473
0.0112048972136768,143.073831470508
0.00988674760708041,132.203830418871
0.00211858601017025,35.283503722654
0.0016715150796284,18.8586555292023
6.99968931578238e-05,5.22116470117015
0.0105072266071164,140.713345022263
0.000136661392296374,4.58181223009917
9.70726375658536e-05,3.9290100310209
0.00332299300497924,84.0842558466777
0.000338719608238262,15.0576289251171
0.00160168501600574,37.1725440417108
0.003523989457267,54.0496532036487
0.00557517829199844,98.4674909285724
0.00631349465206431,102.898294478722
0.00559394451441191,96.4472233802868
0.00238553145784983,29.6860183723421
0.00153764241273823,18.3455110331897
0.00120368394932545,18.1123309669388
0.0138096894327014,229.246905208749
0.0122335650027742,220.612946291311
0.017344896127251,169.14700522308
0.0153971919762179,155.187079144014
0.000636505313884284,12.0718005159067
0.00121327639394828,17.0550893036216
0.000433468165811615,9.5894133554717
0.00267440810887572,39.1924596593751
0.000572315900538247,11.430888726066
0.0029864235167958,39.3558377494449
0.00080582365496536,9.19594235865048
0.00715872914012791,87.622967678905
0.000735700326543031,7.79993193002209
0.0014640519661003,19.3757585586475
0.000123005742769804,4.09689124158337
0.00722784310773523,93.6468340141297
0.000988060981002263,16.8912605966253
0.00135700832410287,17.6416559080124
0.00092411385872194,11.0715882411565
0.000644194160202632,11.6732964009076
0.00107399138281882,15.9283465063923
0.00086058918170325,16.3233455356378
0.000932098179052944,27.2419417160561
0.00427333681956999,59.0364662611175
8.85680458273285e-05,2.90915026188376
0.000282102650295574,4.29566259408733
0.00471350137053372,62.894271313759
0.0267844017353508,294.957052623432
0.000298888087149799,6.08566550155426
0.00144530676324517,23.5527787655091
0.00262747899154599,26.3270829669934
0.00363196483087672,48.1124680463618
0.00248772243786469,35.5741426361593
0.000804991235988422,12.9833195290824
0.00176903188073476,28.6284834555297
0.00358413535794925,57.8805461984722
0.0380076784574342,427.134596406754
0.0284499659815098,333.862218005158
0.0897042466001718,1579.07202816836
0.106915060147897,1770.79163322217
0.0115483171179873,115.225536859649
0.01140949433045,133.674520220809
0.00297569191403413,50.7902723778462
0.00671456529921067,53.2416177982295
0.00149656875773295,16.548319722085
0.000624060055256559,13.5918083738202
0.00115271348108139,22.9761872173247
0.000818611445019012,13.2648887867751
0.0183356842699065,167.428633720408
0.00312244820509622,40.2813763218573
0.0454747949943,789.048353803873
0.0029792363357051,26.8225508859251
0.0286497277188204,316.968188355817
0.00868606213746569,89.5689002869749
0.00278009196354274,28.7099017646944
0.00053390857526383,7.86190185689176
0.00211912849890639,21.9929121416731
0.00704754007619846,54.8798994270952
0.00389963700945275,44.0352355672104
0.00129820005439939,18.6655929496516
0.00258644633120367,42.4235899520647
0.000896154991928604,14.1707889396254
0.00151039808223036,17.1455894576679
0.00353252043528032,34.7887729210359
0.00592625344142906,58.3619449452185
0.000291427747625998,4.10349746679641
0.00104691376938396,44.5304869132495
0.000610352805386843,10.2085628415203
0.00179300405857993,36.6644890242425
0.00223001842728741,50.6390495190447
0.161643743719179,2922.43971952641
0.0959888572712131,1432.50990236627
0.114430241915766,1794.66994932621
0.00386773178307613,65.1800003813681
0.00266674845465538,31.3736690116141
0.00100936587544903,13.6939367823288
0.00102468650923783,29.6834824254638
0.00137554084797085,13.9467737603233
0.0011717849406397,30.9736173598714
0.00155767602088823,17.0147087091708
0.000595976883963061,10.0760414786647
0.000413164317612123,5.27927293845456
0.00112552753926017,14.6552188364174
0.0029204687241701,33.6831161463928
0.000233322635276813,3.63573541082032
0.123608951810843,2211.10178557403
0.00134398679517997,15.1457124945996
0.00308329699384707,38.8812751823427
0.192813501541521,3060.49822847842
0.00202121693110326,20.8164222703184
0.0677204010441587,951.296898850277
0.00616231695651125,82.263683329356
0.00154989479489869,28.025801241214
0.00160946915487572,26.2314074871518
0.00360028102250971,61.7029844767814
0.00603992791004724,84.5667526512928
0.000252453069299791,4.40231576225295
0.00565972891822655,85.7560811080035
0.00575363939569018,54.9456501419855
0.00211364789926918,25.8947991803439
0.00183496322912981,33.1799428733129
0.000586732508526365,8.91243219206
0.00164522425265523,19.8831541586626
0.000392773345797118,7.69093475162358
0.00206167470261029,25.7221258048261
0.00164289502978112,14.0001136207893
0.00127402671352083,20.1990851878107
0.0331761105980122,325.182289405579
0.00055687944039,10.6203468680322
0.000450589228453776,7.12023861852337
8.47710717530035e-05,4.58015529084116
0.000352298164173053,6.39046134449539
0.00164043966588465,15.5855490289847
0.00822529860071192,65.0329677824445
0.000968635567213945,8.0698229820832
0.0840824361734682,1131.62312814526
0.00137649501023485,17.5149863295631
0.0164073210085314,180.272196517353
0.190364911066035,2887.42013712122
0.0041691368086646,44.6484341016476
0.0682232309078025,797.023102855494
0.020361738958429,240.600134587068
0.00167008776938331,32.6958992861291
0.00220391258471896,50.174673842539
0.000808927641375107,11.8127792005354
0.000215358713081166,5.10217634765748
0.000739977719026508,12.0385424922904
0.00101983067457691,14.2269269889023
0.00979994930248989,73.8111097184399
0.0017999820282968,21.7054059857049
0.00869951098917778,86.9612574412013
0.00290777283195212,37.5739414012727
0.00282910012646832,30.7391531529607
0.0616752966872427,926.984131087561
0.00250739839155758,21.2502531114013
0.000468043339145333,7.89622541445646
0.00186615561781071,23.1697748434891
0.000252361348173695,4.29463895422428
0.00173106421270846,26.0811015071483
0.00431103853677374,74.1719679464905
0.000290622298613743,8.13356609833697
0.000668060521016082,12.6811346254593
0.000790054563469477,13.7337622688796
0.00172426828891053,15.2227144166307
0.000125176924771832,5.49849111557936
0.0095105461833966,154.870729301093
0.126563987405277,1909.99206392273
0.0994971994620962,1431.3322345271
0.00502858883530215,64.803803469673
0.00217153743341514,20.3915296962671
0.0953426495384566,2090.62052470765
0.00293458987347282,62.0065353423873
0.00483766957753835,96.233042139027
0.00486164761371254,69.3063739851628
0.000948902349330044,16.8888256897435
0.0020159450726851,24.4495711396934
0.000900672153838917,12.769994049269
0.00261672478684586,23.4445889124445
0.00104838971272946,13.7634434413562
0.00119558570957423,16.3806253800675
0.0119656648985593,194.056042346055
0.00106746346638997,13.9283830053635
0.00502568068641039,83.3151118404307
0.00805938201790264,63.9523829119678
0.000557250046663882,8.3259515004149
0.000914274031340601,15.226196272254
0.000102383362866174,1.97137569248692
0.000656864082795272,12.7136484825692
0.00776174256025409,87.0346790328921
0.00101980692598941,14.9949939302783
0.00250112013104073,24.1371361883847
0.000287611699760687,6.64025692204436
0.00113977950647637,12.5612653219824
0.00874579188586832,130.456107410659
0.00684672063005713,58.0701981593656
0.0043495591278669,54.0386330721855
0.000561989464673384,10.5133669345005
0.00330925271788276,34.5638470062869
0.00507016196288636,49.9724623354528
0.00227481184428628,38.3932487057016
0.003294276344701,43.0365287157395
0.00233236230283644,31.2560998700898
0.00690966791748369,89.5853875303045
0.0124306333219792,132.314086320665
0.00145298360757057,18.0627758926382
0.000532332233647401,7.85527130854079
0.000199712812558888,4.83672482987866
0.0018524526333601,20.3194094784292
0.00213714575940883,29.7353146684499
0.005904730488556,57.6810132277852
0.000625892233712464,9.85065750126934
0.00153555686682311,18.9706584621345
0.00426338006380571,45.0539043308464
0.000325643471369015,6.61184100597157
0.00438233444854929,65.9443773554529
0.00126555201843298,25.3875911010078
0.000866732539424463,13.2157435624987
0.0361252663637045,362.123303160378
0.0552147047520093,499.010041275204
0.000533628772394796,5.838044896076
0.000186991840255712,7.68339862958734
6.88222026699999e-05,3.69544541392483
0.00518266546636793,64.5661804419785
0.0035944521389427,42.8110320411821
0.00506728016026724,51.4204840175636
0.0224047259671456,341.442837977555
0.00280914319702006,43.4292743778257
0.151490745392549,2219.13197224562
0.0019072651622589,18.0523140661911
0.000942598173622024,17.9704619760243
0.169330578827608,2942.27238922028
0.0030301988520373,72.0146543823136
0.00261313961495393,58.8675433579495
0.00141887455418892,17.0926550871149
0.000242396293754868,5.54711522517919
0.118262596785884,1630.30401786577
0.0859424799758103,1268.60849024692
0.00342775073718143,55.6056664748771
0.00572628941374115,74.1370531623741
0.000365832464946121,5.80244053647216
0.002524627415847,17.30335843538
0.0255805353881,184.865551811325
0.0131410973931939,154.371993796614
0.00673693895083502,64.8059435301151
0.00361452204134401,42.2308737964632
0.00357907442586365,31.0955140878458
0.000982170951260441,19.026880302172
0.00104066296557098,8.70952252240804
4.23689427759366e-05,1.82605976101114
0.00255058211014006,25.4283024902395
0.00617124444477357,42.7010267986631
0.00252404404531712,34.100433306532
0.00064794263904508,12.7906365409946
0.000877840312606519,18.1481838268493
0.00100994938385735,13.4031792328576
0.181132844378329,2426.02240127489
0.0178426825200736,178.180250495881
0.0231342911133126,463.710999118389
0.000762767550847612,13.6106774370226
0.000667176349560433,18.9911540389794
0.00326395388678018,28.0820211118579
0.00201869416563352,39.777957753311
0.00183454040726832,33.2828002331511
0.00195555535563894,44.7269182672806
0.000499157093332249,7.56997698060451
0.00436842010571351,34.0639286677998
0.000394387915553778,3.46343401422609
0.00153376014342375,27.4942375313457
0.000360803521377904,5.55383774331868
0.000668246395023004,12.1694383941772
0.0160894202436374,182.58071886792
0.0483415619284033,462.088111457563
0.00486608171820338,42.6141344155721
0.00111843755695596,11.3316833718691
0.00371608671871365,26.1940430505564
0.00490433406786543,155.725147545584
0.0177272211621882,250.207630958768
0.00435919994598909,65.9731091692085
0.00221084154818304,22.1910711381888
0.0125685662012086,116.573356558069
0.000250370183289249,3.32854555274251
0.00152239126236252,19.8105292072031
0.00321461350911724,44.238036964521
0.000215042324207323,5.39922282269508
0.000227711332410165,3.9148207597759
0.00883602314075694,172.399191058787
0.00141148047788196,11.9027589211365
0.0329733445344898,320.354252503475
0.000532313614616109,9.88588899741625
0.00022050445319946,2.88223194988967
0.00123750984610519,12.7152481646529
0.00208112260685773,31.2928204443819
0.000622916285893799,9.45179851812283
0.00105360899413562,17.2031217734977
0.00347257622599138,112.514859442546
0.00170752302770028,92.1894372712368
0.00278098550606769,110.787079748827
0.00368073403270537,161.503512260652
0.00306647687821283,111.68803148069
0.00321881936887129,118.870698556874
0.00203358198603494,97.8772889435382
0.00191306137693684,99.8582481069396
0.00327169645469764,117.112820852148
0.00161815643757983,82.171495153959
0.0018056965130017,87.1960155744352
0.00227877892006235,111.078776279391
0.00177931863982299,106.127459765763
0.00198863265450687,103.186490695712
0.00238416333154893,118.229016451993
0.0035731038020395,109.968695664436
0.00323955766787959,99.236348440184
0.0341712101121695,712.043418895623
0.00353628711559422,131.059095046765
0.00276885092464498,116.082018623469
0.00928620655293283,261.138572801395
0.0023616442160122,106.908569513641
0.00159581129257414,90.0651414891092
0.00232323264744058,105.922462742345
0.00245077552212633,99.100986241631
0.00429397649809585,145.004730192244
0.00588771531141764,159.946346562267
0.00181110283867486,97.1653777064915
0.00323927850359764,103.939743418438
0.00818624642579736,207.154620045745
0.00406111407177069,143.430790728889
0.0198206720547562,467.709475050363
0.00350943593797725,116.111199201524
0.002218906397761,106.999919613581
0.0239297479582933,581.444680679343
0.00367152449062672,114.001107603631
0.00295727270214326,112.786373264193
0.00162754701206243,82.4578588315766
0.00308904162059353,119.10527915406
0.00302627912272217,120.22264965956
0.00497433712531716,137.120243777105
0.00251284150443874,94.9752408351782
0.0020423729634269,94.5875000806576
0.00228846711889227,99.2624937084645
0.00357175672565896,124.341143175733
0.00412015401923191,138.501882346434
0.0123135019975172,237.154978995207
0.0100372153616536,239.898985424238
0.00225327594989791,99.280406972265
0.00560676100439805,169.410254677749
0.00183646058835977,108.642043280121
0.0216706045112187,367.736544698831
0.00256871373840661,103.309476230219
0.00291369668030278,111.555451615894
0.0217441753593985,472.451939722554
0.00161445306806037,100.65858702769
0.00974545273498718,228.499913302205
0.00469600002445303,161.231434028893
0.00994468051511814,279.723045314496
0.00184885908084366,103.532604203462
0.00172679076498633,94.5741477704392
0.0112108899623272,258.034425161491
0.00158526655971144,89.5510040736935
0.00282833364235634,114.055783984356
0.0016135278833129,93.9758599831916
0.00158680937132917,99.712649052172
0.00235441054153983,104.092684217626
0.00173823052155149,85.1211107757218
0.00416037547625817,139.764713115173
0.00159267557291259,99.300922926219
0.00876000593022586,189.140276845829
0.00287796381195785,95.4960074385299
0.00349110537695161,122.935750215175
0.023243034408955,511.513366618331
0.00543100638182629,149.663515161948
0.00151520925187842,78.2827893685048
0.00958012000401231,261.627822300971
0.00208761857474816,94.4513354750588
0.00240183525828537,108.736139000033
0.00364981674268066,124.430073095837
0.00160295499122607,85.2272253374403
0.00183597506630103,95.5903344823606
0.00174813845075257,73.0360706242053
0.00216146809505545,108.050424948531
0.0102896132141798,205.485411300535
0.00170101605257232,96.4312103714723
0.00161836516336265,99.6977398893057
0.00221672280087292,129.124069515348
0.00863699377214635,225.443070485573
0.00671179382030724,199.612103758029
0.0023895383984199,115.237059508862
0.00182117404969951,94.4088824517681
0.00195269583304607,97.082509637006
0.00195334093716859,107.5731060957
0.00255500037698872,98.7878159129942
0.00275418407770634,96.5685866935551
0.0024905156494495,85.8178768994861
0.012946075053579,410.035362900044
0.00590761186887682,162.329012517668
0.0118852712577334,289.444558482816
0.00328469513606331,132.329852415538
0.00292163337213621,98.9282351473332
0.00166383000965071,78.7928121344528
0.00196534819174245,106.859496706867
0.00168442537999174,95.0996103854826
0.00205226302328171,101.071021940941
0.00388481672819748,112.968090612293
0.00217526095899014,98.1636749241038
0.00172302653766188,93.3947458209827
0.0018547924773927,94.0943493939017
0.00658836543405883,194.874986366237
0.00522319302391558,142.374854866856
0.0018918516540675,86.3095884305603
0.00867995696444132,253.402610878793
0.00261149752416566,102.912562317867
0.00755568927877898,235.261347774127
0.00273875444130118,115.102931396278
0.00243344195660085,100.378420034329
0.00525678463964785,155.595484815879
0.00756156741519062,200.946481126564
0.00236168485240859,100.588849023291
0.00301373375310907,118.530639211778
0.00208001401784046,92.4633493263862
0.00435194593619033,156.013539215196
0.00346387524979975,122.513284202233
0.00235647351723683,98.3368323665161
0.00207438404186084,96.7936337943628
0.00463304917808389,137.60396815974
0.00308689871776717,121.234856484786
0.00218756239920915,108.570435725487
0.00283410533160612,83.7886076766564
0.00203911989969615,104.387316769958
0.00189153540418466,95.4960394891816
0.00205828790846403,102.418534401074
0.00529174464657307,145.384544344213
0.00445897287088978,132.040634224819
0.00284173945839271,113.644805639947
0.00354704235514373,115.891183065578
0.00179349165232198,92.5533054834762
0.00106613657812051,82.8887539593038
0.0181249862912172,448.134204801682
0.0114745052823624,309.299101693803
0.00182307286338439,88.1675233315163
0.00226018112088396,108.062849137373
0.00194231391561182,96.6175080851659
0.00515656174856819,180.613443025761
0.00869847494774816,218.203957953915
0.00509091957737545,152.308834028047
0.0111827393232657,264.815635373418
0.00308431510229765,131.307887170072
0.00390100881703239,154.173629483145
0.00158754184520461,90.845202840194
0.00195638300681334,89.8718922960726
0.00599519321485507,157.116120617966
0.00225369656203297,86.646915543701
0.00346435714756462,113.735541464989
0.00719850882821718,219.325310807316
0.00287918165095766,108.162995855411
0.00301280193166269,123.194923596306
0.00195520847806055,100.119211176375
0.00287134689375692,117.057038317296
0.00290514252711886,111.441181297399
0.00222659608956069,113.019600385571
0.00240079960244589,99.5452138930045
0.00197025569667495,99.1566549667765
0.00247168985815009,131.198154246453
0.0039959298131613,150.820362779901
0.00359585363653255,115.883567357578
0.00212011420885448,89.2286591763691
0.00242852939336771,117.213927944278
0.00399168391505218,142.698268765957
0.00310634666984086,146.809160946354
0.0043900440177872,157.039924524939
0.004504756991105,140.78877210308
0.0013308508071025,82.9257315186367
0.00244254698436689,96.5748946910949
0.00224898969686384,112.002722063599
0.00701564048039342,197.551573433541
0.00407114548733316,128.602248916596
0.00188916106284752,101.939149639172
0.00215264353969631,98.9518306017653
0.0106039299949567,289.185564148496
0.00403247991484427,142.512371746091
0.00396952856052391,181.031782607608
0.00174564744797459,89.8335279744208
0.00706518987759187,211.035723036802
0.00186763467247106,96.055791121051
0.00460441538470612,161.344300101571
0.0027302751348465,130.97004587419
0.00599518373768863,197.5255727851
0.0049513046946156,176.351141371424
0.00177641717186954,108.981287638279
0.00246633723155055,93.0630501056653
0.00178418309515185,84.5712122579962
0.00618104881668505,188.088510720018
0.0132057247221184,359.756430450215
0.0057178281139376,208.445127677901
0.0134867434805458,279.94375260568
0.00169984193791198,95.8594586637255
0.00246254979655491,112.101681791935
0.00797355766451451,224.776479813909
0.00321129771778827,113.539053012761
0.00257346704904614,100.341591990235
0.00212215563779096,101.527555007672
0.0024719776069602,112.553344471674
0.0382064523603382,764.28736815695
0.0201395567742384,477.494621728725
0.00291404193090617,106.86213645983
0.00267761223553468,114.086429694521
0.00184567385465896,104.867437558909
0.0370768972750068,725.300440598172
0.0501952019423375,887.998479208147
0.00222512970025525,88.3405616437853
0.00424015479849102,160.13486119293
